Betas,Intercept,Iterations,Balanced Accuracy,Roc_Auc,p,n,d,g
"[[ 0.81045301  0.63688108  0.38458169  0.24562652  0.          0.08563839
   0.33769699  0.05909222  0.43188175 -0.00943674 -0.07724863  0.
  -0.42272375 -0.0218912   0.0450643   0.0830059   0.04951389 -0.06889924
  -0.59465824  0.         -0.01028078  0.41671421  0.16305843  0.
   0.04748888  0.22712583  0.          0.41246059  0.          0.
   0.16358783  0.17832604]]",[-4.122807],[17],0.49732620320855614,0.49732620320855614,0.05,1000,32,0
"[[ 1.17090914  0.32812999  0.13958074  0.07289236  0.42243542 -0.10679645
   0.15237392 -0.04815661  0.18582794  0.33084004  0.11482968  0.35274696
   0.26422343  0.19027464 -0.03434032  0.10427071  0.18746258  0.38079728
  -0.21402072 -0.13789452  0.10064837  0.30488257  0.02853839 -0.00449801
   0.03081498  0.12896882  0.19641396  0.10433983  0.02738929 -0.1458934
  -0.00871219  0.        ]]",[-4.01531069],[17],0.5,0.5,0.05,1000,32,0
"[[ 1.09067531  0.2956207   0.23255122  0.12316068  0.2914885  -0.15895334
   0.25701044 -0.06083528  0.          0.46647252  0.17339261 -0.13911784
  -0.22742813  0.17871191  0.10134152  0.06831818  0.30750894  0.21094252
   0.18032838  0.          0.28192229  0.06520077 -0.06400782 -0.20960047
   0.04327067 -0.35882584  0.27966225  0.         -0.39588421 -0.12932954
   0.         -0.21866073]]",[-3.97642617],[18],0.4973958333333333,0.4973958333333333,0.05,1000,32,0
"[[ 0.88587531  0.12794177  0.42722243  0.22033103  0.30758496  0.20188446
   0.12491038  0.06667317 -0.02208137  0.22129369  0.07834301 -0.21838373
   0.12103507  0.31922736  0.05073263  0.19727609 -0.00996628 -0.05955458
   0.05390193 -0.14431527  0.03003177  0.10179347  0.05731239 -0.00660033
   0.29711055 -0.02085287 -0.02725199 -0.00551398  0.05201589  0.07697507
   0.0959568   0.02923564]]",[-3.54989475],[15],0.49732620320855614,0.49732620320855614,0.05,1000,32,0
"[[ 0.97896146  0.47407839  0.24513646  0.32405015  0.23907087  0.1175933
   0.07065161  0.34861589 -0.05857368  0.          0.02150135 -0.11160937
   0.14470055 -0.0199383  -0.01959758  0.05413942  0.11421232 -0.10973324
   0.1939294   0.06775167  0.          0.16275062  0.          0.16135277
   0.          0.03441261 -0.30593897  0.01627617 -0.08672744 -0.41642477
   0.         -0.08099432]]",[-3.61290936],[15],0.49230769230769234,0.49230769230769234,0.05,1000,32,0
"[[ 1.08620797  0.55270447  0.10626886  0.09724915  0.12380947  0.
  -0.07221861  0.07581991  0.07846279 -0.06726122  0.34652787 -0.38572937
   0.21897499  0.59763573  0.10796916  0.          0.          0.06395946
   0.          0.05070164  0.05524252 -0.14179594  0.09552884 -0.08051666
   0.16311604 -0.10081914  0.0333654   0.22757679 -0.20480678  0.20253583
   0.16165639  0.07210495]]",[-4.32035274],[18],0.5,0.5,0.05,1000,32,0
"[[ 0.56783165  0.40828578  0.30743391 -0.12720351  0.32287908  0.17614774
   0.15254285  0.03582545  0.28606791 -0.21691195  0.20197342  0.16176691
   0.         -0.09710865  0.10459695  0.          0.005984    0.12637416
   0.07688464  0.          0.08405355  0.10804859 -0.00348474  0.15812109
   0.26020763  0.         -0.12000066 -0.03880366  0.         -0.12718177
   0.          0.31882684]]",[-3.53379314],[14],0.5,0.5,0.05,1000,32,0
"[[ 0.80119172  0.46931626  0.37098831  0.24106362  0.40948468  0.07085564
   0.          0.0152376  -0.29024327  0.         -0.00917374  0.06587364
   0.26110586 -0.00749052  0.23781966  0.12602766 -0.01620552 -0.04771659
   0.04567197 -0.00806423 -0.0234852   0.          0.03464545 -0.02991437
   0.09863532  0.22659168  0.2621018   0.         -0.13304819  0.
  -0.2245363  -0.06866337]]",[-3.63772856],[16],0.4973958333333333,0.4973958333333333,0.05,1000,32,0
"[[ 0.99842285  0.68596126  0.37088815  0.47715071  0.16018615 -0.0375511
   0.17888435  0.07653639  0.0585854   0.          0.24972587  0.02176704
   0.24995696 -0.01388946 -0.07840965  0.12450706  0.18065444  0.
  -0.07634709  0.36386586 -0.30611147  0.19208631  0.07946331  0.
  -0.0827793  -0.23322368  0.40025643 -0.28646815 -0.00658367  0.08386095
   0.         -0.44911114]]",[-4.30852595],[18],0.49732620320855614,0.49732620320855614,0.05,1000,32,0
"[[ 1.21180261e+00  4.87975924e-01  6.26102770e-01  1.18899079e-01
  -7.84172252e-04  4.98333064e-02  1.19012394e-01  1.28504191e-01
  -1.35087825e-01  1.28460097e-01  4.38095346e-03  2.59585906e-01
   1.67951222e-01  1.45737318e-01 -1.35523895e-01  3.97168214e-02
   1.48607588e-01  1.93196068e-01 -2.83592387e-02 -1.54976464e-01
  -8.89183246e-02  0.00000000e+00  2.43215111e-01  5.53184179e-02
   0.00000000e+00 -5.18552379e-02  1.22973157e-01 -6.77747495e-02
   4.70955620e-01  1.74743830e-01 -1.09252090e-01 -5.77688894e-02]]",[-4.02261792],[17],0.5454545454545454,0.5454545454545454,0.05,1000,32,0
"[[ 1.02347073  0.33012238  0.28490744  0.22515111  0.20310203  0.19965336
   0.21831128  0.46720913 -0.01111312  0.18487253  0.         -0.17048874
  -0.18541184  0.30596959 -0.07056538  0.38439593  0.02076524  0.02467404
   0.14982885  0.         -0.05209336 -0.09991232 -0.06634407 -0.14157822
  -0.12932593 -0.13912006  0.10554433 -0.11964482  0.12587262 -0.16784609
   0.00391683 -0.02506794]]",[-4.17860181],[17],0.5555555555555556,0.5555555555555556,0.05,1000,32,0
"[[ 0.89282332  0.44943956  0.          0.17488827 -0.11354427  0.
   0.36042791 -0.38925382  0.22816877  0.34802853  0.14812959  0.03854536
   0.15835528  0.00834166 -0.04756592  0.02884424  0.          0.40601465
   0.11447748 -0.29102423  0.12723922  0.0924231   0.030413    0.11828108
  -0.12022034 -0.14452604 -0.05501037  0.          0.          0.17383929
   0.0167761  -0.00704426]]",[-3.65872513],[17],0.4973821989528796,0.4973821989528796,0.05,1000,32,0
"[[ 1.06037437  0.72832772  0.65485301  0.2008833   0.15234231  0.09231286
   0.3616439   0.29302434  0.09665747 -0.08119853  0.05382555  0.07070313
  -0.16623213  0.          0.52808112 -0.0427941   0.         -0.04728311
   0.12744568 -0.26234916 -0.14072526  0.26263767  0.0323512   0.32610626
   0.00712312  0.17163728 -0.07001035 -0.07502984  0.03356541  0.04016083
   0.08817362 -0.25046807]]",[-4.09799025],[18],0.4948717948717949,0.4948717948717949,0.05,1000,32,0
"[[ 0.86444726  0.20474789 -0.11971086  0.          0.17989376  0.40294557
   0.10594765 -0.04600182  0.17790183  0.28687052  0.2848924   0.
  -0.26710787  0.12582561  0.          0.          0.4093961   0.12960242
   0.14069704  0.0479408   0.05804512  0.12879837  0.30438785 -0.11022471
   0.06131037 -0.04319862  0.09239098 -0.00247931  0.         -0.07072661
  -0.24712275  0.        ]]",[-3.76807916],[17],0.5625,0.5625,0.05,1000,32,0
"[[ 1.28408146  0.40418498  0.14191364  0.40850262  0.09728154  0.05580052
   0.21390018  0.24484453  0.11924622  0.21701911 -0.08810014  0.16335488
   0.12374873 -0.01116286 -0.03931119  0.07501055  0.01806578 -0.05256743
   0.12006322  0.00514918  0.1530706  -0.16045519  0.18081696  0.07079527
   0.          0.04969774  0.12370303 -0.06297924 -0.0463726   0.
  -0.16986994  0.13304404]]",[-3.71897257],[17],0.5503199534613147,0.5503199534613147,0.05,1000,32,0
"[[ 1.27017639  0.40658845  0.35614388  0.18246774  0.01328575  0.23472008
   0.41095027  0.44370712  0.          0.14079405  0.09672697  0.24354305
   0.12380316 -0.16693086  0.01458483  0.          0.10320582  0.10458477
   0.          0.13552338  0.04767534  0.35642478  0.19308495 -0.13198401
   0.08476864  0.          0.01729713  0.14830273  0.03399589  0.2386429
   0.01954517 -0.0483385 ]]",[-3.84576767],[17],0.625,0.625,0.05,1000,32,0
"[[ 0.94106752  0.49630718  0.14866127 -0.02845188  0.20932148  0.
   0.09227245  0.20076505  0.39844337  0.14591215  0.02451278 -0.03297574
  -0.0494503   0.05829723  0.105379    0.25704505  0.          0.
   0.07389759 -0.01205741  0.23220969 -0.01419398  0.13866177 -0.17047521
   0.13378399  0.         -0.08775043 -0.09341418  0.07460007 -0.09391273
  -0.07352028  0.07001673]]",[-3.54375689],[16],0.5,0.5,0.05,1000,32,0
"[[ 1.06862654  0.79884985  0.32018058  0.46573372  0.27438533 -0.02814723
   0.23924075  0.          0.45919729  0.16489432  0.22235395  0.15859278
   0.23274605  0.02332539 -0.26396613  0.31413508  0.          0.
   0.17421631  0.22498007  0.14819712  0.39332304 -0.15435312  0.07854669
  -0.36569678  0.5043104  -0.25437264  0.20940438 -0.11006596  0.27323957
   0.15886752  0.03334053]]",[-4.39018294],[20],0.5520833333333333,0.5520833333333334,0.05,1000,32,0
"[[ 1.01823298  0.36160164  0.37103086  0.15570943  0.37410141  0.
   0.          0.15471628  0.06446556  0.09304572  0.         -0.07738661
   0.29982601 -0.2244076  -0.00464824 -0.01818444  0.39643186 -0.0269117
   0.00688201  0.14782348  0.31021163  0.08089668  0.23137998  0.00479316
  -0.04110096  0.14314155  0.34865064 -0.21044677  0.          0.
   0.01221366 -0.1363431 ]]",[-4.14669134],[18],0.5,0.5,0.05,1000,32,0
"[[ 0.96252081  0.4659628   0.         -0.07262853  0.21361715  0.
  -0.03904141  0.01606366  0.06010419  0.05176793  0.          0.24077198
   0.23894118  0.13114802 -0.18221948  0.06027121 -0.03389748  0.13654314
   0.28503633  0.25490993 -0.1612944   0.15681344 -0.01441052 -0.08846025
  -0.13602694  0.04248817 -0.03439124  0.          0.          0.47399054
   0.37656147 -0.0773767 ]]",[-3.88547416],[17],0.5,0.5,0.05,1000,32,0
"[[ 1.14128987  0.77579701  0.48893255  0.27382115  0.00739801  0.11074486
   0.11894844  0.33531093  0.16918736  0.          0.18152788  0.12412897
   0.22073081 -0.10399236 -0.04257116 -0.10633028  0.04882638  0.17171187
   0.06426097  0.0292257  -0.15923611 -0.03727608  0.32731648 -0.31442977
   0.30740385  0.          0.05506947  0.11921276  0.         -0.02774036
   0.12388244 -0.07509977]]",[-4.13921638],[18],0.6666666666666666,0.6666666666666666,0.05,1000,32,0
"[[ 1.08039028  0.56079933 -0.0188118   0.21505163  0.          0.36552366
   0.16805363  0.21513474  0.05660442  0.0246569   0.02098382 -0.25424455
   0.16852903  0.11593954  0.0725513   0.01818865  0.          0.03050382
  -0.04130872  0.         -0.03856978  0.         -0.03888656  0.00394778
   0.          0.13007665 -0.0983165   0.          0.20022453  0.21280424
   0.23987394 -0.03535413]]",[-3.92505371],[15],0.5,0.5,0.05,1000,32,0
"[[ 0.74246372  0.46030787  0.34849485  0.12826291  0.17968341 -0.02653302
   0.27837864  0.21411374 -0.11227976  0.22515307  0.06743289  0.10251781
   0.          0.09395247 -0.1423584   0.          0.07815725  0.0715273
   0.06802531 -0.12518581  0.31934681  0.08552794  0.13168353 -0.09803652
   0.15437176 -0.05887513  0.02296796  0.17194759 -0.03454679  0.
   0.05834405 -0.03767171]]",[-3.46292827],[16],0.4973821989528796,0.4973821989528796,0.05,1000,32,0
"[[ 0.78602258  0.36035249  0.45248239 -0.15438935  0.16397393  0.23648154
  -0.03464506  0.17043444  0.         -0.04109627  0.08234247  0.12170018
   0.17475529  0.29971714 -0.00779136 -0.21561951  0.16229267  0.36837266
  -0.05336625  0.15571361 -0.0843251   0.00646723 -0.04528391 -0.11075107
   0.29388645  0.00346603 -0.00828966 -0.37472425 -0.05867266 -0.04853263
   0.11032836 -0.07303023]]",[-3.70308656],[15],0.5,0.5,0.05,1000,32,0
"[[ 1.4705472   0.43803172  0.34883133  0.51912645  0.28416194  0.10650924
   0.00286529  0.06192702  0.27867908  0.09192231 -0.02786818  0.18060413
   0.24370969  0.17318491  0.06647705  0.02508728  0.          0.41130551
  -0.13263089  0.          0.          0.03015583 -0.01048045  0.
  -0.16058668 -0.00825269  0.19838977  0.10433824  0.          0.01397373
  -0.45483146  0.19241379]]",[-4.56541404],[19],0.5363475177304965,0.5363475177304964,0.05,1000,32,0
"[[ 1.03638491  0.79848246  0.39246782  0.14575842  0.02021959  0.
   0.28385526  0.08764232  0.          0.          0.15654473  0.10384515
  -0.04487345  0.04376899 -0.1085724  -0.01811972 -0.14184093  0.19270417
  -0.13963228  0.19230676  0.          0.33341968  0.13636408  0.17676349
   0.         -0.03714881  0.11310796  0.14077853  0.         -0.2565593
   0.04165077 -0.01981151]]",[-4.04529655],[17],0.4973544973544973,0.4973544973544973,0.05,1000,32,0
"[[ 0.94313934  0.34493709  0.32894843  0.24868465  0.36389353  0.11984685
   0.07172437  0.07454184  0.3987096  -0.06491609  0.22944843  0.01019108
  -0.19588312  0.         -0.17861229 -0.10470419  0.40589183  0.21594484
  -0.06188598  0.04870331  0.         -0.0595778   0.04924938 -0.01143746
  -0.02827745  0.37119855 -0.16873852 -0.02592814  0.00161911  0.05436123
   0.34062588  0.02938758]]",[-3.56102634],[16],0.5,0.5,0.05,1000,32,0
"[[ 0.80164147  0.53582353  0.59988135  0.34620711  0.00309765  0.
   0.08012308  0.23418331  0.21838146  0.31615893  0.          0.36392569
   0.32922538  0.08772232  0.          0.23294312  0.          0.18213992
  -0.02972633 -0.17594843  0.18078654  0.00354344  0.          0.42440936
   0.11451996  0.32320031 -0.1611388  -0.23561047 -0.04921243  0.54749921
   0.01799095 -0.00582158]]",[-4.10360266],[18],0.5363475177304965,0.5363475177304964,0.05,1000,32,0
"[[ 1.16452591  0.38242252  0.66344773  0.34465404  0.36174384  0.
   0.14700318 -0.08195953  0.13959863  0.0494088   0.33404505  0.13734727
   0.1522975   0.38388508 -0.38769555  0.37180099 -0.06220127 -0.04220634
   0.         -0.25655364  0.68418009  0.1236564   0.25993497  0.19428131
   0.39263444 -0.137965    0.43432478 -0.0557341   0.01749745 -0.47195698
   0.18510521 -0.04271087]]",[-4.40998881],[18],0.4973821989528796,0.4973821989528796,0.05,1000,32,0
"[[ 0.86344375  0.48597427  0.63976087  0.44495077 -0.01331388  0.38677696
   0.2610812  -0.12789224 -0.35939095  0.11798623  0.12160263  0.10130695
   0.         -0.11375819  0.03543916 -0.16821738  0.06953525  0.16399039
   0.05400864  0.24569838  0.01964282  0.20008362  0.13288278  0.18591442
   0.          0.01766589  0.10905231 -0.29155742  0.03848385 -0.22019651
  -0.05067743  0.        ]]",[-3.915386],[16],0.49743589743589745,0.49743589743589745,0.05,1000,32,0
"[[ 0.87518018  0.894273    0.36732133  0.01432909  0.27902512  0.
  -0.00893142  0.22524406 -0.0554044   0.20402068  0.08760866 -0.16539954
   0.22913244  0.11254706  0.13737188 -0.08571389  0.06113573  0.
   0.41128675 -0.02339067 -0.11205066  0.         -0.45427382  0.2230194
   0.12573314  0.14398131 -0.04892305  0.          0.32613607  0.23530323
   0.43831918  0.11641899]]",[-4.02294058],[17],0.4894179894179894,0.4894179894179894,0.05,1000,32,0
"[[ 1.0468814   0.44184654  0.16610124  0.8359891   0.33171834  0.
   0.          0.44795554  0.09717769 -0.02410267  0.06943381 -0.11542172
   0.25302685 -0.08048758 -0.05464129  0.28549749  0.11910826 -0.23578497
   0.         -0.19461723  0.          0.20713783  0.16110011  0.20412218
   0.16525752  0.19124982 -0.01453019  0.          0.26117676  0.14076015
  -0.08204223 -0.03245831]]",[-3.93667552],[16],0.5421052631578948,0.5421052631578948,0.05,1000,32,0
"[[ 1.05002089  0.62056409  0.15217223  0.          0.31070679  0.01618221
   0.03596462 -0.1181382   0.19402252  0.74783806  0.14582808  0.09595298
  -0.00280022 -0.07188925  0.32058306 -0.0264954   0.00270636  0.0967416
  -0.17790153 -0.04798256 -0.01220746  0.21947725  0.14989829  0.1360718
  -0.0202821   0.          0.06057935  0.          0.0577012  -0.03949865
   0.08428406  0.02105091]]",[-3.92493439],[18],0.55,0.55,0.05,1000,32,0
"[[ 1.61356144  0.45896631  0.25572214  0.31072165  0.40201197  0.28324164
   0.35134389  0.          0.12826369  0.53642606  0.56376976  0.10836627
   0.          0.          0.          0.          0.19736567 -0.05136412
   0.26375878  0.03420686  0.20539532 -0.22164218  0.03756299  0.21576084
  -0.15922949  0.08459477 -0.28607201  0.09170371 -0.04781464  0.14844073
  -0.01825002  0.09073458]]",[-4.4463265],[17],0.6458247634718224,0.6458247634718224,0.05,1000,32,0
"[[ 0.91961858  0.79126716  0.17051954  0.15457365 -0.11746524  0.12614584
   0.56317483  0.22545269  0.          0.44426606  0.06781846 -0.04684414
  -0.01538836  0.24252361 -0.20438429  0.34472608  0.18589683  0.28273415
   0.44198113  0.22294151  0.17900391  0.03631076  0.2909282   0.
  -0.0997144   0.          0.01907779  0.35902858 -0.11789878 -0.00444027
   0.11313462 -0.04375453]]",[-3.87060021],[17],0.4948186528497409,0.4948186528497409,0.05,1000,32,0
"[[ 0.79183069  0.27601124  0.17229696  0.44555022  0.16150037  0.21623446
   0.          0.02016041  0.11300423  0.26616363  0.02456785 -0.03233842
  -0.17268634  0.14695363 -0.13297706  0.05139519  0.02865187  0.09804594
  -0.11468514 -0.12369526  0.41792051  0.2560243  -0.05420668 -0.00195391
   0.          0.          0.27668513 -0.11849346  0.14998568 -0.08558542
   0.01433142  0.14455248]]",[-3.5109846],[16],0.5625,0.5625,0.05,1000,32,0
"[[ 0.91664632  0.50065851  0.55486463  0.09705243  0.32428791  0.25100169
  -0.00167754  0.08236038  0.14687996  0.01769323 -0.11960449  0.
   0.06535636  0.19850843  0.37422909 -0.09797282  0.03316703  0.10975769
   0.          0.08852176 -0.23444564  0.07200247  0.42153998  0.2178425
   0.15678322 -0.11275668  0.10688232  0.29016394  0.04531931  0.
  -0.1888653  -0.06434734]]",[-3.69976677],[18],0.5447368421052632,0.5447368421052632,0.05,1000,32,0
"[[ 7.45517728e-01  5.01041060e-01  2.16608389e-01  3.99401316e-01
   1.33705862e-01  1.33815375e-01  3.02803710e-01 -3.88381393e-02
   0.00000000e+00  4.22304603e-02  1.43129402e-01  4.58207681e-01
   3.89214920e-01 -1.79369310e-01 -5.92261549e-02 -1.78892426e-01
  -7.15751958e-02  0.00000000e+00  7.17541100e-02  1.20737774e-02
   0.00000000e+00  1.20116498e-01 -1.59514165e-01 -3.36322664e-04
   0.00000000e+00  0.00000000e+00  2.05939164e-01 -2.90451491e-03
  -2.33173836e-02  1.80131209e-02 -3.13130373e-01  1.00398287e-01]]",[-3.73387269],[16],0.55,0.55,0.05,1000,32,0
"[[ 1.13722526  0.1860016   0.2157861   0.37636788  0.1519911   0.23447153
   0.31595246  0.16143039  0.4549715   0.1079369   0.14755588  0.05413584
  -0.16383136  0.52600724  0.05476955  0.40906382 -0.26638958  0.25376419
  -0.16167931  0.          0.3210609   0.1468603  -0.18239075 -0.13233414
  -0.06286036  0.01503776 -0.20525935 -0.07866477  0.          0.13071451
   0.1537677   0.18321657]]",[-4.02298884],[17],0.49473684210526314,0.49473684210526314,0.05,1000,32,0
"[[ 1.0068653   0.58211339  0.14769347  0.46205487  0.21589938 -0.02531962
   0.02874825 -0.04141677  0.14789125 -0.03900676  0.05785397  0.04326602
   0.48403433  0.08414131  0.18377988  0.          0.          0.
   0.05912003  0.18883894  0.          0.         -0.1670859   0.
   0.27575787  0.15844677  0.1501847   0.          0.24774719 -0.01481469
   0.23326582  0.24151628]]",[-3.89043155],[17],0.5428090428090427,0.5428090428090427,0.05,1000,32,0
"[[ 1.27235003  0.71268751  0.55328597  0.26961066  0.08651889  0.60055806
   0.          0.03649519  0.         -0.21629087  0.05122067 -0.08613312
   0.         -0.09447998  0.          0.47035452  0.          0.16479854
  -0.03475624  0.27055648 -0.35617887  0.05823629  0.06695904  0.01219919
  -0.06589133 -0.53026051 -0.02216092  0.00531256 -0.04929989 -0.04969681
  -0.0648182   0.2741691 ]]",[-4.38289755],[21],0.5781786941580757,0.5781786941580757,0.05,1000,32,0
"[[ 1.42123048  0.23556704  0.10778808  0.14879458  0.44702173  0.44595656
   0.23265816  0.         -0.03616053  0.0481676   0.09586398  0.
  -0.28282608  0.49149613 -0.13668831  0.          0.31350145  0.24691368
  -0.10436456  0.          0.14834333 -0.36616781  0.01024645  0.06745001
   0.00212012  0.0573632   0.         -0.12775968  0.22207697 -0.00467017
   0.         -0.0530203 ]]",[-4.66600829],[18],0.5,0.5,0.05,1000,32,0
"[[ 1.25454708  0.46917088  0.28401879  0.          0.06953197 -0.1190425
   0.37069236  0.15395589  0.16795942 -0.00812022 -0.05595853 -0.33039081
  -0.06966238 -0.03834253  0.08521674  0.          0.03799285  0.
   0.07339786  0.          0.12474741 -0.08181419 -0.00245653  0.03507231
  -0.1670888  -0.05258693 -0.38056068  0.13707634  0.2179248   0.
  -0.10824761 -0.1238507 ]]",[-3.73581529],[17],0.5555555555555556,0.5555555555555556,0.05,1000,32,0
"[[ 0.77548381  0.47697413  0.34077029  0.16923604  0.20903619  0.00721886
   0.15962599  0.          0.          0.31269568  0.         -0.17411131
   0.          0.00809117  0.32131034  0.26587896 -0.00213534  0.07675978
   0.          0.          0.44786349 -0.21850393  0.42409937 -0.12871727
   0.09447308  0.          0.16466397  0.26409153  0.         -0.10787358
  -0.41847073  0.1099972 ]]",[-4.303837],[18],0.53125,0.53125,0.05,1000,32,0
"[[ 0.88070084  0.45034115  0.65889401  0.38542339  0.          0.03010012
  -0.06054192  0.39698107 -0.01154894  0.33567182  0.22690117  0.12464963
   0.          0.04309942  0.         -0.07582008  0.09455026 -0.14802173
   0.43411129 -0.03318721  0.         -0.00223229  0.2124781   0.19304156
  -0.02499601  0.07948103  0.25165237  0.02330857  0.05235339 -0.06302425
   0.10223272  0.03740924]]",[-3.71742814],[15],0.5572916666666667,0.5572916666666666,0.05,1000,32,0
"[[ 0.71666712  0.02362308  0.08609854  0.28125137  0.16620808 -0.13358528
   0.11021047  0.1630247   0.13449852 -0.03773786  0.05095686  0.
   0.24841835  0.02351365 -0.05957898  0.12157407 -0.01209298  0.07429873
   0.07633416  0.2553318   0.27746544  0.         -0.1110352   0.02485593
   0.         -0.03325115  0.15847768  0.00163386  0.          0.01605714
   0.05132299  0.        ]]",[-3.40879103],[13],0.5,0.5,0.05,1000,32,0
"[[ 1.08747855  0.32262364  0.4390314   0.33072698  0.25707546  0.27518524
   0.19615587 -0.08069396  0.22163406  0.56636283 -0.18481232  0.34815218
   0.36585673  0.22837213  0.19423103 -0.22094926 -0.01612142 -0.11125669
   0.06214458  0.05671318  0.         -0.3734353  -0.095057    0.12400042
   0.20493333  0.24691652 -0.52042515  0.34657606  0.          0.11551076
   0.04603251 -0.3673701 ]]",[-4.04266565],[18],0.5306306306306307,0.5306306306306307,0.05,1000,32,0
"[[ 1.33699411  0.77214833  0.00887109  0.7864363   0.57427748  0.02064369
   0.35028088 -0.21546847 -0.07341747 -0.22479334  0.22163895  0.22743352
   0.15376535  0.09991794  0.23950535  0.45754126  0.03855336  0.
  -0.29725207 -0.22864177  0.11037392  0.          0.34418833  0.15880693
  -0.06257377  0.00882029 -0.05920251  0.         -0.01863009 -0.07271127
  -0.02829297  0.02113809]]",[-4.37562215],[17],0.6284271284271283,0.6284271284271284,0.05,1000,32,0
"[[ 1.54455954  0.69398487  0.32374166  0.22852324  0.40414039  0.29377632
  -0.12015051  0.14560011  0.          0.35123838  0.26429755  0.
   0.08451224  0.43155495 -0.19686103  0.0283067   0.24105368 -0.09842043
   0.11530235  0.2237485   0.01283733  0.          0.07535921  0.
  -0.13189282  0.09564339  0.32218721  0.         -0.04232067  0.
  -0.01869793  0.        ]]",[-4.25947214],[17],0.6848958333333333,0.6848958333333333,0.05,1000,32,0
"[[ 1.06854589  0.4515716   0.42284652  0.28210946  0.07824892  0.
  -0.25787798 -0.26811324 -0.15486671  0.15770857 -0.07544916 -0.11268704
   0.39680408 -0.40609315  0.12792614  0.06590113  0.0262131  -0.07343237
   0.01248102  0.31105345  0.          0.47168814  0.15197837  0.03486512
  -0.17964839 -0.12378906 -0.30607048  0.16135153  0.08430726  0.09875757
  -0.02982657  0.00924181]]",[-3.98066843],[18],0.5,0.5,0.05,1000,32,0
"[[ 8.89624957  0.          0.          0.          0.          0.
   0.          0.          0.          0.          0.          0.
   0.          0.          0.          0.          0.          0.
   0.          0.          0.          0.          0.          0.
   0.          0.          0.          0.          0.          0.
  -2.88322991 -5.57592443]]",[-5.09175255],[28],1.0,1.0,0.05,1000,32,1
"[[ 9.02666227  0.          0.          0.          0.          0.
   0.          0.          0.          0.          0.          0.
   0.          0.          0.          0.          0.          0.
   0.          0.          0.          0.          0.          0.
   0.          0.          0.          0.          0.          0.
   0.         -8.68605229]]",[-5.13446191],[39],1.0,1.0,0.05,1000,32,1
"[[ 9.10038536  0.          0.          0.          0.          0.
   0.          0.          0.          0.          0.          0.
   0.          0.          0.          0.          0.          0.
   0.          0.          0.          0.          0.          0.
   0.          0.          0.          0.          0.          0.
  -0.57341213 -8.04868523]]",[-5.11999841],[100],1.0,1.0,0.05,1000,32,1
"[[ 8.88630214  0.          0.          0.          0.          0.
   0.          0.          0.          0.          0.          0.
   0.          0.          0.          0.          0.          0.
   0.          0.          0.          0.          0.          0.
   0.          0.          0.          0.          0.          0.
  -2.70203722 -5.60727408]]",[-5.1542769],[55],1.0,1.0,0.05,1000,32,1
"[[ 8.737514    0.          0.          0.          0.          0.
   0.          0.          0.          0.          0.          0.
   0.          0.          0.          0.          0.          0.
   0.          0.          0.          0.          0.          0.
   0.          0.          0.          0.          0.          0.
  -0.09989725 -8.14059021]]",[-5.14186928],[100],1.0,1.0,0.05,1000,32,1
"[[ 8.92977279  0.          0.          0.          0.          0.
   0.          0.          0.          0.          0.          0.
   0.          0.          0.          0.          0.          0.
   0.          0.          0.          0.          0.          0.
   0.          0.          0.          0.          0.          0.
  -2.28661745 -6.18619996]]",[-5.15215374],[29],1.0,1.0,0.05,1000,32,1
"[[ 8.91169942  0.          0.          0.          0.          0.
   0.          0.          0.          0.          0.          0.
   0.          0.          0.          0.          0.          0.
   0.          0.          0.          0.          0.          0.
   0.          0.          0.          0.          0.          0.
  -2.98047107 -5.38347058]]",[-5.14196827],[37],1.0,1.0,0.05,1000,32,1
"[[ 9.03542578  0.          0.          0.          0.          0.
   0.          0.          0.          0.          0.          0.
   0.          0.          0.          0.          0.          0.
   0.          0.          0.          0.          0.          0.
   0.          0.          0.          0.          0.          0.
  -1.56105379 -7.00911156]]",[-5.0484225],[44],1.0,1.0,0.05,1000,32,1
"[[ 9.29342536  0.          0.          0.          0.          0.
   0.          0.          0.          0.          0.          0.
   0.          0.          0.          0.          0.          0.
   0.          0.          0.          0.          0.          0.
   0.          0.          0.          0.          0.         -0.84531775
  -3.19574785 -4.39184846]]",[-5.12342003],[23],1.0,1.0,0.05,1000,32,1
"[[ 8.71806792  0.          0.          0.          0.          0.
   0.          0.          0.          0.          0.          0.
   0.          0.          0.          0.          0.          0.
   0.          0.          0.          0.          0.          0.
   0.          0.          0.          0.          0.          0.
   0.         -8.41276196]]",[-5.18880227],[52],1.0,1.0,0.05,1000,32,1
"[[ 9.2943272   0.          0.          0.          0.          0.
   0.          0.          0.          0.          0.          0.
   0.          0.          0.          0.          0.          0.
   0.          0.          0.          0.          0.          0.
   0.          0.          0.          0.          0.          0.
  -3.08311106 -5.6524192 ]]",[-5.01632652],[27],1.0,1.0,0.05,1000,32,1
"[[ 8.85786062  0.          0.          0.          0.          0.
   0.          0.          0.          0.          0.          0.
   0.          0.          0.          0.          0.          0.
   0.          0.          0.          0.          0.          0.
   0.          0.          0.          0.          0.          0.
   0.         -8.53202004]]",[-5.13785298],[36],1.0,1.0,0.05,1000,32,1
"[[ 8.70756151  0.          0.          0.          0.          0.
   0.          0.          0.          0.          0.          0.
   0.          0.          0.          0.          0.          0.
   0.          0.          0.          0.          0.          0.
   0.          0.          0.          0.          0.          0.
  -0.02972556 -8.19554977]]",[-5.20791541],[100],1.0,1.0,0.05,1000,32,1
"[[ 9.05499497  0.          0.          0.          0.          0.
   0.          0.          0.          0.          0.          0.
   0.          0.          0.          0.          0.          0.
   0.          0.          0.          0.          0.          0.
   0.          0.          0.          0.          0.          0.
  -2.54085198 -6.05839937]]",[-5.11111542],[35],1.0,1.0,0.05,1000,32,1
"[[ 8.49314982  0.          0.          0.          0.          0.
   0.          0.          0.          0.          0.          0.
   0.          0.          0.          0.          0.          0.
   0.          0.          0.          0.          0.          0.
   0.          0.          0.          0.          0.          0.
  -0.73932319 -7.22621799]]",[-5.19212987],[100],1.0,1.0,0.05,1000,32,1
"[[ 8.91321249  0.          0.          0.          0.          0.
   0.          0.          0.          0.          0.          0.
   0.          0.          0.          0.          0.          0.
   0.          0.          0.          0.          0.          0.
   0.          0.          0.          0.          0.          0.
  -2.60723756 -5.7909495 ]]",[-5.17453136],[55],1.0,1.0,0.05,1000,32,1
"[[ 8.9681885   0.          0.          0.          0.          0.
   0.          0.          0.          0.          0.          0.
   0.          0.          0.          0.          0.          0.
   0.          0.          0.          0.          0.          0.
   0.          0.          0.          0.          0.          0.
  -3.03992206 -5.70714942]]",[-5.05355157],[30],1.0,1.0,0.05,1000,32,1
"[[ 9.14301087  0.          0.          0.          0.          0.
   0.          0.          0.          0.          0.          0.
   0.          0.          0.          0.          0.          0.
   0.          0.          0.          0.          0.          0.
   0.          0.          0.          0.          0.          0.
  -2.68198939 -6.04110624]]",[-5.03789362],[31],1.0,1.0,0.05,1000,32,1
"[[ 9.34451404  0.          0.          0.          0.          0.
   0.          0.          0.          0.          0.          0.
   0.          0.          0.          0.          0.          0.
   0.          0.          0.          0.          0.          0.
   0.          0.          0.          0.          0.          0.
  -1.81435999 -7.11438008]]",[-4.94980346],[29],1.0,1.0,0.05,1000,32,1
"[[ 8.70598721  0.          0.          0.          0.          0.
   0.          0.          0.          0.          0.          0.
   0.          0.          0.          0.          0.          0.
   0.          0.          0.          0.          0.          0.
   0.          0.          0.          0.          0.          0.
   0.         -8.33333365]]",[-5.21638219],[45],1.0,1.0,0.05,1000,32,1
"[[ 9.15662812  0.          0.          0.          0.          0.
   0.          0.          0.          0.          0.          0.
   0.          0.          0.          0.          0.          0.
   0.          0.          0.          0.          0.          0.
   0.          0.          0.          0.          0.          0.
  -2.82852073 -5.77461438]]",[-5.09449087],[25],1.0,1.0,0.05,1000,32,1
"[[ 9.47177894  0.          0.          0.          0.          0.
   0.          0.          0.          0.          0.          0.
   0.          0.          0.          0.          0.          0.
   0.          0.          0.          0.          0.          0.
   0.          0.          0.          0.          0.          0.
  -3.38906419 -5.36692917]]",[-5.05949563],[24],1.0,1.0,0.05,1000,32,1
"[[ 8.95428006  0.          0.          0.          0.          0.
   0.          0.          0.          0.          0.          0.
   0.          0.          0.          0.          0.          0.
   0.          0.          0.          0.          0.          0.
   0.          0.          0.          0.          0.          0.
  -2.39980875 -6.14259927]]",[-5.13430156],[42],1.0,1.0,0.05,1000,32,1
"[[ 9.18847349  0.          0.          0.          0.          0.
   0.          0.          0.          0.          0.          0.
   0.          0.          0.          0.          0.          0.
   0.          0.          0.          0.          0.          0.
   0.          0.          0.          0.          0.          0.
  -2.77566903 -5.88876096]]",[-5.07553415],[36],1.0,1.0,0.05,1000,32,1
"[[ 9.20376915  0.          0.          0.          0.          0.
   0.          0.          0.          0.          0.          0.
   0.          0.          0.          0.          0.          0.
   0.          0.          0.          0.          0.          0.
   0.          0.          0.          0.          0.          0.
  -2.2415653  -6.66991426]]",[-5.01573469],[33],1.0,1.0,0.05,1000,32,1
"[[ 8.82412311  0.          0.          0.          0.          0.
   0.          0.          0.          0.          0.          0.
   0.          0.          0.          0.          0.          0.
   0.          0.          0.          0.          0.          0.
   0.          0.          0.          0.          0.          0.
  -2.86965109 -5.47022936]]",[-5.21721793],[49],1.0,1.0,0.05,1000,32,1
"[[ 8.93226739  0.          0.          0.          0.          0.
   0.          0.          0.          0.          0.          0.
   0.          0.          0.          0.          0.          0.
   0.          0.          0.          0.          0.          0.
   0.          0.          0.          0.          0.          0.
   0.         -8.54191292]]",[-5.11392434],[53],1.0,1.0,0.05,1000,32,1
"[[ 8.68392495  0.          0.          0.          0.          0.
   0.          0.          0.          0.          0.          0.
   0.          0.          0.          0.          0.          0.
   0.          0.          0.          0.          0.          0.
   0.          0.          0.          0.          0.          0.
  -1.22141494 -6.93930638]]",[-5.20433177],[38],1.0,1.0,0.05,1000,32,1
"[[ 9.26557233  0.          0.          0.          0.          0.
   0.          0.          0.          0.          0.          0.
   0.          0.          0.          0.          0.          0.
   0.          0.          0.          0.          0.          0.
   0.          0.          0.          0.          0.          0.
  -2.50019314 -6.3198948 ]]",[-5.02925042],[48],1.0,1.0,0.05,1000,32,1
"[[ 8.58474224  0.          0.          0.          0.          0.
   0.          0.          0.          0.          0.          0.
   0.          0.          0.          0.          0.          0.
   0.          0.          0.          0.          0.          0.
   0.          0.          0.          0.          0.          0.
  -0.8982975  -7.27445928]]",[-5.15777792],[44],1.0,1.0,0.05,1000,32,1
"[[ 8.56691023  0.          0.          0.          0.          0.
   0.          0.          0.          0.          0.          0.
   0.          0.          0.          0.          0.          0.
   0.          0.          0.          0.          0.          0.
   0.          0.          0.          0.          0.          0.
  -1.03498118 -7.02905594]]",[-5.24291321],[31],1.0,1.0,0.05,1000,32,1
"[[ 8.9293566   0.          0.          0.          0.          0.
   0.          0.          0.          0.          0.          0.
   0.          0.          0.          0.          0.          0.
   0.          0.          0.          0.          0.          0.
   0.          0.          0.          0.          0.          0.
  -2.93150539 -5.43986544]]",[-5.11339254],[35],1.0,1.0,0.05,1000,32,1
"[[ 8.7361088   0.          0.          0.          0.          0.
   0.          0.          0.          0.          0.          0.
   0.          0.          0.          0.          0.          0.
   0.          0.          0.          0.          0.          0.
   0.          0.          0.          0.          0.          0.
   0.         -8.33965211]]",[-5.17745887],[62],1.0,1.0,0.05,1000,32,1
"[[ 9.34307183  0.          0.          0.          0.          0.
   0.          0.          0.          0.          0.          0.
   0.          0.          0.          0.          0.          0.
   0.          0.          0.          0.          0.          0.
   0.          0.          0.          0.          0.          0.
  -3.40470517 -5.32459806]]",[-5.04055405],[49],1.0,1.0,0.05,1000,32,1
"[[ 8.90952893  0.          0.          0.          0.          0.
   0.          0.          0.          0.          0.          0.
   0.          0.          0.          0.          0.          0.
   0.          0.          0.          0.          0.          0.
   0.          0.          0.          0.          0.          0.
  -3.10141346 -5.27172128]]",[-5.11817468],[43],1.0,1.0,0.05,1000,32,1
"[[ 9.23710684  0.          0.          0.          0.          0.
   0.          0.          0.          0.          0.          0.
   0.          0.          0.          0.          0.          0.
   0.          0.          0.          0.          0.          0.
   0.          0.          0.          0.          0.          0.
  -1.38128152 -7.34478227]]",[-5.09812754],[31],1.0,1.0,0.05,1000,32,1
"[[ 8.88497257  0.          0.          0.          0.          0.
   0.          0.          0.          0.          0.          0.
   0.          0.          0.          0.          0.          0.
   0.          0.          0.          0.          0.          0.
   0.          0.          0.          0.          0.          0.
  -2.8876914  -5.93112372]]",[-5.10330783],[26],1.0,1.0,0.05,1000,32,1
"[[ 9.01942586  0.          0.          0.          0.          0.
   0.          0.          0.          0.          0.          0.
   0.          0.          0.          0.          0.          0.
   0.          0.          0.          0.          0.          0.
   0.          0.          0.          0.          0.          0.
  -2.19632422 -6.39151414]]",[-5.1261822],[58],1.0,1.0,0.05,1000,32,1
"[[ 8.95010636  0.          0.          0.          0.          0.
   0.          0.          0.          0.          0.          0.
   0.          0.          0.          0.          0.          0.
   0.          0.          0.          0.          0.          0.
   0.          0.          0.          0.          0.          0.
  -3.36989254 -5.01359187]]",[-5.12986754],[39],1.0,1.0,0.05,1000,32,1
"[[ 8.63720637  0.          0.          0.          0.          0.
   0.          0.          0.          0.          0.          0.
   0.          0.          0.          0.          0.          0.
   0.          0.          0.          0.          0.          0.
   0.          0.          0.          0.          0.          0.
  -2.59841201 -5.55799103]]",[-5.17279056],[26],1.0,1.0,0.05,1000,32,1
"[[ 8.99297203  0.          0.          0.          0.          0.
   0.          0.          0.          0.          0.          0.
   0.          0.          0.          0.          0.          0.
   0.          0.          0.          0.          0.          0.
   0.          0.          0.          0.          0.          0.
  -2.11022071 -6.3876323 ]]",[-5.21347067],[59],1.0,1.0,0.05,1000,32,1
"[[ 9.3383733   0.          0.          0.          0.          0.
   0.          0.          0.          0.          0.          0.
   0.          0.          0.          0.          0.          0.
   0.          0.          0.          0.          0.          0.
   0.          0.          0.          0.          0.          0.
  -3.30029668 -5.41523826]]",[-5.01833136],[40],1.0,1.0,0.05,1000,32,1
"[[ 9.44852253  0.          0.          0.          0.          0.
   0.          0.          0.          0.          0.          0.
   0.          0.          0.          0.          0.          0.
   0.          0.          0.          0.          0.          0.
   0.          0.          0.          0.          0.          0.
  -3.22290767 -5.82713487]]",[-4.86593287],[48],1.0,1.0,0.05,1000,32,1
"[[ 9.08587438  0.          0.          0.          0.          0.
   0.          0.          0.          0.          0.          0.
   0.          0.          0.          0.          0.          0.
   0.          0.          0.          0.          0.          0.
   0.          0.          0.          0.          0.          0.
  -3.20240397 -5.23773767]]",[-5.0823907],[32],1.0,1.0,0.05,1000,32,1
"[[ 8.48597046  0.          0.          0.          0.          0.
   0.          0.          0.          0.          0.          0.
   0.          0.          0.          0.          0.          0.
   0.          0.          0.          0.          0.          0.
   0.          0.          0.          0.          0.          0.
   0.         -8.19773846]]",[-5.1863566],[42],1.0,1.0,0.05,1000,32,1
"[[ 8.97517791  0.          0.          0.          0.          0.
   0.          0.          0.          0.          0.          0.
   0.          0.          0.          0.          0.          0.
   0.          0.          0.          0.          0.          0.
   0.          0.          0.          0.          0.          0.
  -0.76018938 -7.75603183]]",[-5.14216023],[34],1.0,1.0,0.05,1000,32,1
"[[ 8.45521675  0.          0.          0.          0.          0.
   0.          0.          0.          0.          0.          0.
   0.          0.          0.          0.          0.          0.
   0.          0.          0.          0.          0.          0.
   0.          0.          0.          0.          0.          0.
   0.         -8.0020063 ]]",[-5.27070529],[38],1.0,1.0,0.05,1000,32,1
"[[ 8.69061958  0.          0.          0.          0.          0.
   0.          0.          0.          0.          0.          0.
   0.          0.          0.          0.          0.          0.
   0.          0.          0.          0.          0.          0.
   0.          0.          0.          0.          0.          0.
   0.         -8.37832881]]",[-5.18903961],[61],1.0,1.0,0.05,1000,32,1
"[[ 9.61126493  0.          0.          0.          0.          0.
   0.          0.          0.          0.          0.          0.
   0.          0.          0.          0.          0.          0.
   0.          0.          0.          0.          0.          0.
   0.          0.          0.          0.          0.          0.
  -3.31986455 -5.67641624]]",[-4.95907585],[39],1.0,1.0,0.05,1000,32,1
"[[ 8.90936896  0.          0.          0.          0.          0.
   0.          0.          0.          0.          0.          0.
   0.          0.          0.          0.          0.          0.
   0.          0.          0.          0.          0.          0.
   0.          0.          0.          0.          0.          0.
  -3.00263764 -5.4034607 ]]",[-5.13846725],[36],1.0,1.0,0.05,1000,32,1
"[[ 1.20901488  0.54087832  0.35712596  0.25434456  0.27123397  0.21590612
   0.1385749   0.21778904  0.32760987  0.05622417  0.03285007  0.10771533
   0.07826412  0.05169014  0.0761471   0.16132303 -0.03364359  0.09994294
   0.11575344  0.09235301  0.00310526  0.          0.11115723  0.00723503
   0.09602452 -0.09674982  0.21754546 -0.10348073  0.02321549  0.11698767
  -0.1750993   0.08143307]]",[-0.02957848],[7],0.7009308377539786,0.7009308377539787,0.5,1000,32,0
"[[ 1.09231700e+00  4.99627187e-01  3.45814746e-01  2.37444075e-01
   8.96447931e-02  1.47045659e-01  5.39547187e-02  5.14222939e-02
   7.44989608e-02  7.14435923e-03  2.33968801e-01  2.82548519e-02
   2.51601523e-02  5.61039156e-02  6.97974818e-02  7.54387538e-02
   7.56137477e-02 -1.01040043e-01  8.37539711e-02  1.00161573e-01
   2.60763307e-03  1.06815563e-01  6.16055430e-02 -2.70275586e-02
   0.00000000e+00  2.20097281e-02  8.94966856e-02  6.97113942e-02
   1.82767450e-01  9.19052415e-02  1.72866926e-01 -6.77578797e-04]]",[-0.00060169],[7],0.7081320450885669,0.7081320450885668,0.5,1000,32,0
"[[ 1.4514736   0.57413759  0.24479147  0.38990773  0.24756121  0.25027133
  -0.0407848   0.21401859  0.28163933 -0.02878054  0.2168812   0.12381281
   0.02490874  0.00957833  0.01733602  0.21597339  0.18776643  0.02254458
  -0.0246399   0.12042695  0.07201484 -0.04501241 -0.09692154  0.10186202
   0.0356577   0.12648382 -0.01901848  0.08685486 -0.0267889  -0.00444524
   0.19339338  0.12702905]]",[-0.02033913],[7],0.7516290726817043,0.7516290726817043,0.5,1000,32,0
"[[ 1.19988465  0.47951412  0.36928589  0.32512719  0.17778605  0.25274314
   0.130593    0.21838366  0.02551835  0.17320786  0.12562707  0.20929449
  -0.02460372  0.02180781 -0.11576018  0.21374131  0.03543283 -0.05230868
   0.22721338 -0.10834049 -0.00584365  0.02989777  0.08453496 -0.01100035
   0.08960587  0.05141893  0.06759549  0.00376712  0.19534868  0.06242424
  -0.17923414  0.02474296]]",[0.1124448],[7],0.7861575417876088,0.7861575417876088,0.5,1000,32,0
"[[ 1.12100523  0.44832415  0.40065848  0.33447559  0.26889217  0.06664244
   0.20440596  0.14717338  0.1578953   0.09965979 -0.0178151   0.0277414
   0.23767238  0.1691822   0.15360758 -0.1389659   0.0667041   0.14927034
   0.07145168  0.02493114  0.05706829  0.10891133  0.02740963  0.05900527
  -0.0311053   0.15378594 -0.0250888   0.15082833 -0.01240951  0.01365449
  -0.09458092  0.19168476]]",[0.03955622],[6],0.7863307908470494,0.7863307908470494,0.5,1000,32,0
"[[ 1.13912885  0.57106086  0.2176315   0.3630278  -0.02441686  0.49387337
   0.15586409  0.16145081  0.16342986  0.15239976  0.          0.04342372
   0.20558699  0.23354625  0.02804509  0.03648322  0.04982322 -0.04136901
   0.18553586  0.11341152  0.05695611  0.01763828  0.         -0.0231371
   0.19027665  0.13699683 -0.01118637  0.04981947  0.18399822  0.05073396
   0.01625967  0.04452577]]",[0.08899663],[7],0.6696741854636592,0.6696741854636591,0.5,1000,32,0
"[[ 1.49950648  0.46869251  0.37093996  0.22967707  0.30764088  0.23723781
   0.21087928  0.27357764  0.11333447  0.15147338 -0.03195782 -0.06814292
   0.06409429  0.11820778  0.14317754  0.00463538  0.10183259  0.10216034
   0.05929476 -0.01398607  0.22828039  0.00835516 -0.10200434  0.11762444
   0.06979786  0.20003916  0.24590618  0.24035366  0.06557229 -0.15144497
   0.17356867  0.        ]]",[0.08918074],[8],0.7375201288244766,0.7375201288244766,0.5,1000,32,0
"[[ 1.04310575  0.42296661  0.28879237  0.33512403  0.1251381   0.07468169
   0.16101192  0.22379691  0.23494604  0.02343585  0.16412539  0.16776854
   0.08599273  0.06492949  0.02954973 -0.07709398  0.09453831 -0.02042434
   0.02279456  0.10771163 -0.05044208  0.03062577  0.05872974  0.
   0.07745157  0.05913269  0.103689    0.1797109  -0.04358021  0.07881878
  -0.00793289 -0.0762264 ]]",[-0.04356717],[7],0.7196719671967197,0.7196719671967197,0.5,1000,32,0
"[[ 1.23671668e+00  4.26103962e-01  1.84064667e-01  3.11078880e-01
   2.14967248e-01  6.79134958e-02  6.09088135e-02 -4.41641033e-03
   0.00000000e+00  1.07280758e-02  9.63136132e-02 -3.44775829e-02
   2.90423967e-01  8.27108262e-02  1.23136878e-01  7.13293709e-02
   3.54276239e-02 -1.32691043e-02  1.03204964e-01  1.06142597e-01
   1.71533269e-01 -7.17060502e-03  1.46968831e-01  1.44061683e-01
   9.74325891e-02  0.00000000e+00 -4.89222596e-04  0.00000000e+00
   1.83885947e-02  0.00000000e+00  1.22197621e-01  5.64448522e-02]]",[0.14972123],[7],0.7624198717948718,0.7624198717948718,0.5,1000,32,0
"[[ 1.0419801   0.47973337  0.34045914  0.37291712  0.30646166  0.11113955
   0.16764251  0.12828886  0.01739468  0.04344802  0.23330802 -0.05465283
  -0.03028746 -0.02542258  0.13140081  0.          0.         -0.10386939
  -0.1280549   0.07119312 -0.03042761 -0.05446928  0.0155584   0.08434141
   0.06748563 -0.00743016  0.08524089  0.04928849  0.08116042  0.08779726
   0.07312263 -0.04950156]]",[-0.01636839],[7],0.6704545454545454,0.6704545454545454,0.5,1000,32,0
"[[ 1.20521977  0.36258183  0.5625211   0.20031366  0.15658894  0.3098566
   0.27610036  0.07408505  0.07787602  0.18109504  0.20770716  0.00160773
   0.02416381  0.04875803  0.10053628  0.09257009  0.07871285  0.02742954
   0.03873548 -0.01619379  0.14537823 -0.0066295   0.09837545  0.01100945
  -0.09915262 -0.01874046  0.03810475 -0.19220801  0.12091531 -0.01608112
   0.04659341 -0.03984637]]",[-0.07344964],[7],0.7661616161616162,0.7661616161616162,0.5,1000,32,0
"[[ 1.22864824  0.42919502  0.35551076  0.42065415  0.12609648  0.08078309
  -0.02328235  0.20588617  0.01060912  0.254914    0.06129471 -0.02767932
   0.12774203 -0.05372064  0.05843146  0.05554382  0.0335491   0.01464453
   0.01390315  0.05143657  0.08109216 -0.043455    0.11094339  0.08026911
  -0.01057012 -0.00221333 -0.08745234  0.02709176  0.10523813  0.09224412
  -0.0522888   0.06719324]]",[0.04830963],[7],0.6386430678466076,0.6386430678466077,0.5,1000,32,0
"[[ 1.133959    0.35483697  0.28166561  0.18349918  0.42493016  0.0772664
   0.13778689  0.04345587  0.          0.23577171  0.1914582   0.10432543
  -0.01568516  0.10392689  0.06010894  0.012492    0.09078867  0.07543348
  -0.08047818  0.0916537   0.13090829  0.11124095  0.08014049  0.14669643
   0.07905668  0.18886495  0.          0.05855542  0.12084389  0.07765824
   0.03524526  0.15275258]]",[0.02375535],[7],0.7099709970997099,0.7099709970997099,0.5,1000,32,0
"[[ 1.29784524  0.67554514  0.4405576   0.14588885  0.11538437  0.16188808
   0.10678175  0.          0.1791291   0.14303531  0.20344509  0.17487527
  -0.09592783  0.06654813  0.07556668  0.13962873 -0.12158052 -0.03597269
   0.11729207  0.          0.12860147  0.03025064  0.07814546 -0.01080728
   0.09565713  0.10092664  0.09581872  0.03784232  0.05164503 -0.0435803
   0.1447008   0.05677142]]",[-0.04665434],[7],0.7494749474947495,0.7494749474947495,0.5,1000,32,0
"[[ 1.14551101  0.58096507  0.22512709  0.42474335  0.21179197  0.25442448
   0.09203123  0.09120512  0.09358113  0.26509244  0.11942393  0.09131941
  -0.13146695  0.18427909 -0.00635291  0.04967127  0.14596323 -0.05123589
  -0.01485343  0.15101422  0.09497833 -0.03819303  0.06241723 -0.11947019
  -0.06237785  0.1395644   0.01455493  0.04190557  0.07837249  0.09817649
   0.          0.06291217]]",[0.09588459],[7],0.7268668831168831,0.7268668831168832,0.5,1000,32,0
"[[ 1.02330129  0.47404038  0.33448525  0.28394943  0.2090453   0.17846435
   0.10421368  0.14684953  0.09558579  0.10580545  0.          0.18116502
   0.06355373  0.12327069  0.11712626  0.09164204 -0.11882584  0.
   0.16759498  0.10215695 -0.03523724  0.02506609  0.09970668  0.06569465
   0.04203951  0.13335752  0.13131813  0.22879895 -0.03185017  0.00528267
   0.02938283  0.13329423]]",[0.],[7],0.7243589743589745,0.7243589743589743,0.5,1000,32,0
"[[ 1.06799672  0.36735516  0.24851386  0.34419159  0.10452395  0.24245005
   0.16171341  0.03404506  0.09708743  0.01598779  0.08343328  0.04692413
   0.15563436  0.06276956 -0.00744622  0.03103061  0.04575086 -0.0617155
  -0.0351356   0.02289804  0.10573713  0.07359272  0.09658599  0.01226632
   0.         -0.03157988  0.06045813  0.06335213  0.07517466  0.
  -0.11267251  0.0034115 ]]",[0.0987369],[7],0.7798779877987798,0.7798779877987799,0.5,1000,32,0
"[[ 1.20600771  0.63149725  0.20141607  0.13000742  0.26222459  0.26039589
   0.21093843  0.00737569  0.14554095  0.03820124  0.09023702  0.16960148
   0.11230539  0.02392164  0.08911716  0.         -0.12905221  0.01510243
   0.08633241 -0.01069042  0.05837376  0.16959099  0.01477121 -0.05249813
   0.10685647 -0.05149088  0.03529179  0.07022193  0.02380304  0.16592527
  -0.06252617 -0.04349972]]",[0.01405217],[7],0.7696969696969698,0.7696969696969695,0.5,1000,32,0
"[[ 1.26322556e+00  5.59277288e-01  5.29882819e-01  1.40042144e-01
   2.90816341e-01  1.69935321e-01  7.04433949e-04  1.42862607e-01
   9.91950180e-03  1.86325369e-01  1.03529655e-01  1.81930722e-01
   3.62560829e-02  7.34484922e-02  1.14750233e-01  6.92312578e-02
  -8.03039843e-02  1.14349445e-01 -4.99045614e-02  4.27661621e-02
   3.48685965e-02 -1.14593742e-02 -5.80954598e-02  1.96428741e-01
   1.47212907e-02 -1.31726862e-02  4.96585824e-02 -4.88980669e-03
   1.62131099e-01  1.27623410e-01  4.19318435e-02  5.10776972e-02]]",[0.11757488],[7],0.7209737827715356,0.7209737827715356,0.5,1000,32,0
"[[ 1.19328176  0.53498326  0.29580598  0.05825444  0.24026359  0.1976691
   0.14386439  0.09036414  0.          0.31872831  0.10438914  0.10325531
   0.12913746  0.18303199  0.07354154  0.1587016   0.03282667  0.02873974
   0.09567877 -0.01154549  0.09301464  0.13499481  0.12222053  0.08896596
   0.14368558 -0.02398178 -0.05576713  0.          0.05299469  0.01000682
   0.03480262  0.11030695]]",[-0.00952457],[7],0.7904647435897436,0.7904647435897436,0.5,1000,32,0
"[[ 1.24474559  0.35849462  0.36605796  0.18003372  0.26045174  0.11817648
   0.1874689   0.06299945  0.0455525   0.05803018  0.12406974  0.05895166
  -0.05055419  0.10884868  0.19392065  0.02145794  0.05265921 -0.09748657
   0.          0.00802309  0.0392758   0.04224777 -0.0390482   0.07120335
   0.06592869  0.00925083  0.04750191  0.12002372  0.07955305  0.00568285
  -0.04017103  0.04137782]]",[0.13972156],[7],0.7343434343434343,0.7343434343434344,0.5,1000,32,0
"[[ 1.03417865  0.58463031  0.40095585  0.3945663   0.13399926  0.10844011
   0.07359583  0.23742913  0.03451654  0.10067066  0.20253226  0.13776938
   0.12234555  0.01001997  0.03820791  0.15387638  0.09055203  0.17038324
   0.0522279   0.03491553 -0.0057218   0.07998172  0.15923198  0.1252111
  -0.00694248  0.10958568  0.19801199 -0.0285846   0.19754012 -0.10658133
   0.0426043   0.06500165]]",[0.02173662],[7],0.7536187873266524,0.7536187873266524,0.5,1000,32,0
"[[ 1.17123653  0.48708953  0.29346665  0.3879802   0.19727439  0.1736588
   0.18377319  0.19275567  0.21324657  0.0337202   0.07299901  0.15442207
   0.26904459  0.12674776 -0.08262673  0.15161988 -0.06652167  0.07526832
   0.17297114  0.03571282  0.13792466  0.03287615  0.14567235  0.06561807
   0.08570167  0.15914813 -0.02105199 -0.01112428 -0.08293357 -0.00260277
   0.05430173  0.07673294]]",[0.05832911],[7],0.7398739873987399,0.7398739873987399,0.5,1000,32,0
"[[ 1.08251903  0.57302728  0.33900405  0.15789627  0.31722302  0.13812078
   0.19848154  0.1001114   0.20766109  0.16376359  0.0691909   0.08071097
   0.03967792 -0.01822419  0.09187952  0.08604462  0.04472725  0.07548988
  -0.04088974 -0.02314285  0.16703792  0.07801069  0.0160391   0.
   0.17309972  0.09809083  0.15784698  0.          0.06950017  0.05332593
   0.         -0.11431089]]",[-0.02580552],[7],0.7736162919649159,0.7736162919649159,0.5,1000,32,0
"[[ 1.26245212  0.50455937  0.31513395  0.13614857  0.21220533  0.11410516
  -0.0222743   0.04627035  0.17536356  0.07885926  0.0744769   0.01207302
   0.13587367  0.07474939  0.12404683  0.06151988  0.          0.06049921
   0.10908284 -0.05569809  0.          0.12258443  0.06771423 -0.0377233
  -0.04939426  0.04843992 -0.0257186   0.06816171 -0.03803865  0.09210507
  -0.12643015  0.04213943]]",[0.0546663],[6],0.7500750675608048,0.7500750675608048,0.5,1000,32,0
"[[ 1.10288331  0.4539558   0.29764049  0.37126327  0.2883578   0.03407903
   0.26277173 -0.02144239  0.04359646 -0.028621    0.05030169  0.11468982
   0.13893676  0.22694773  0.11860579  0.02056856  0.08056293  0.19107863
   0.17248547  0.05266853 -0.00921345  0.08781676  0.0617068   0.12325673
  -0.01565601  0.05836131  0.10093372 -0.09244062 -0.05636467  0.09358149
   0.0155928  -0.00240349]]",[0.21060356],[7],0.7220209339774557,0.7220209339774557,0.5,1000,32,0
"[[ 1.08410839  0.30563363  0.34829999  0.25672674  0.24218097  0.25980641
   0.14118641  0.16371161  0.02763503  0.08862028  0.12450458  0.19832677
   0.04291749  0.0175915   0.06990948 -0.00180959  0.01046493  0.10463145
   0.08598711  0.0583038   0.14808257  0.25578058  0.11706015 -0.06459934
  -0.05713263 -0.02825041  0.05284123  0.          0.02928003  0.12209153
   0.07809822  0.06324047]]",[-0.08642644],[7],0.6417775998398558,0.6417775998398558,0.5,1000,32,0
"[[ 1.36553077  0.58926902  0.38861332  0.00529644  0.20829399  0.07055414
   0.26214322  0.15580272  0.13443131  0.13741138  0.04231093  0.10581604
   0.17636673  0.02254945  0.05306523  0.07506881  0.12566749  0.12012484
   0.1452527   0.05160941 -0.02902362  0.0315241   0.14687306 -0.02745801
  -0.07507085 -0.03522019  0.0557095  -0.01379157  0.06271895 -0.13989145
   0.02156035  0.13151728]]",[-0.02165315],[7],0.6728900255754475,0.6728900255754475,0.5,1000,32,0
"[[ 1.20565809  0.5976787   0.37858595  0.19215059  0.07810123  0.26324768
   0.24281551  0.22766308  0.14761073  0.13107583  0.01775066  0.15635291
   0.07221049  0.16000387  0.04207311 -0.06415445 -0.05660248  0.01312164
   0.0601974   0.12134675  0.11142341  0.05930265  0.11160049 -0.05599207
   0.13375347  0.02010697  0.01892849 -0.1379954   0.13254376  0.01684976
   0.11019469 -0.08181794]]",[-0.00156279],[7],0.7240016014412971,0.7240016014412972,0.5,1000,32,0
"[[ 1.03472509  0.477253    0.41081285  0.27355146  0.23538612 -0.00524448
   0.03094663  0.08329625  0.18424661  0.         -0.01611144 -0.08181748
  -0.04681412 -0.02992406  0.02979536 -0.03575785  0.18396434  0.00821955
   0.18558463  0.          0.02212535  0.17535751  0.0817222  -0.00359834
   0.07584045  0.01125233  0.         -0.02947047 -0.06106211  0.04258922
   0.07680103  0.14008221]]",[0.08685679],[7],0.7254044819616119,0.7254044819616119,0.5,1000,32,0
"[[ 1.13927387  0.67005398  0.35916349  0.29989781  0.17340443  0.21513271
   0.13932402  0.05517841  0.14888801  0.14047624 -0.09206764  0.2151078
   0.04171814  0.04273989  0.107056    0.23230223  0.10380767  0.01372236
   0.         -0.06210473  0.00607157 -0.04599191  0.04502368 -0.06281043
   0.12575323  0.          0.03718939 -0.08484089  0.0152197  -0.02952188
  -0.17252873  0.13655185]]",[-0.11412337],[7],0.7788461538461539,0.7788461538461539,0.5,1000,32,0
"[[ 1.1488507   0.58441419  0.22436403 -0.00918385  0.12588079  0.2483979
   0.18501456  0.20366798  0.10994345  0.          0.21510778  0.2253026
   0.05775205  0.          0.11128863  0.24653717  0.12240193  0.17022066
   0.18678721  0.04354749  0.22271524  0.16382776  0.0726098   0.
   0.          0.06653966  0.          0.0481007   0.          0.04928182
   0.03591254 -0.21756052]]",[0.05423985],[7],0.748389694041868,0.748389694041868,0.5,1000,32,0
"[[ 0.95482888  0.60661897  0.23608408  0.07958679  0.2927871   0.1650148
   0.20454276  0.17060781  0.05421486  0.05660211  0.          0.05750967
   0.24453369  0.25802457  0.0882586  -0.05884607  0.10258509  0.00396132
   0.03486244  0.10127721 -0.03875383 -0.00145794  0.05231732  0.06667824
   0.0535343   0.          0.09526461  0.14802458  0.15122495  0.02769224
  -0.06963812  0.11317255]]",[-0.1010094],[7],0.750400641025641,0.750400641025641,0.5,1000,32,0
"[[ 1.08981745  0.49889055  0.37750664  0.23319863  0.38342422  0.18185171
   0.20412707  0.1037326   0.05160431  0.          0.09506578  0.01577259
   0.0198715   0.03854039  0.18482334  0.1441421   0.10699531  0.
   0.17175948  0.10473449  0.          0.13715172  0.0310829   0.00441685
   0.03959678 -0.00790944 -0.09686731  0.04491041  0.02820184  0.08605605
   0.00769358 -0.01651855]]",[0.00387689],[6],0.7111345593407697,0.7111345593407696,0.5,1000,32,0
"[[ 0.98075276  0.46425813  0.30202645  0.37692071  0.19360386  0.17388178
   0.10924845  0.14197875  0.06423565 -0.00334221  0.02476691  0.00709611
  -0.01646793  0.12684297  0.11283423  0.09621656 -0.02473928  0.09801265
   0.12354091  0.14291351  0.04404782  0.13487863  0.05824676  0.11711995
   0.14833481 -0.02264725  0.12467844  0.09931346  0.09571095  0.01957106
   0.16532468  0.02077299]]",[0.06043464],[7],0.6794460056202328,0.6794460056202328,0.5,1000,32,0
"[[ 1.14602494e+00  4.23155549e-01  2.03274111e-01  2.67570411e-01
   1.92647826e-01  2.20374877e-01  2.57757463e-01  1.33924402e-01
   5.75053494e-02 -1.42877466e-02  3.77604059e-02  9.66443837e-03
   8.39945746e-02 -4.94362842e-02  5.82162890e-02  1.09949749e-01
  -4.59529478e-02  0.00000000e+00 -7.01121784e-02 -9.51285451e-02
   3.23734673e-03  2.01083548e-02  4.31497115e-02  1.41702193e-02
   1.24592581e-01 -1.49303049e-01  4.34738134e-02 -5.56545772e-02
  -8.19813904e-04  0.00000000e+00  2.18223947e-02 -1.36244321e-01]]",[0.10457868],[7],0.7268170426065163,0.7268170426065164,0.5,1000,32,0
"[[ 1.03923245  0.45669354  0.4298213   0.34138647  0.15940625  0.16156034
   0.26933843  0.11622314  0.          0.19780278  0.10447915  0.18019964
  -0.05421627  0.10442261  0.10522383  0.19078864  0.05849846  0.00236397
   0.07869786  0.01919922  0.04057109  0.05670264  0.13102112  0.06327815
   0.02280149  0.12801855  0.07573167  0.         -0.21847804  0.07202209
   0.07901132 -0.06681234]]",[-0.05446432],[7],0.7163947552797518,0.7163947552797518,0.5,1000,32,0
"[[ 1.26751403e+00  4.90932251e-01  4.46708916e-01  1.13265682e-01
   2.12648849e-01  2.22218885e-01  9.56738974e-02  1.90676156e-01
   1.10333526e-01  1.51057860e-01  7.45571090e-02 -1.42661365e-05
   3.67293897e-03  8.17241106e-02  2.54582819e-02  6.40293678e-02
   1.37838154e-01 -1.99541400e-02  4.12889631e-02  7.35129420e-03
   1.77280816e-01  1.84725111e-01 -6.95880878e-02  1.00545243e-02
  -6.95705491e-02  8.14959737e-02  1.25699403e-01  1.04787947e-02
   2.31887077e-02 -5.65211037e-02 -1.09841618e-01  2.95402351e-02]]",[-0.04748497],[7],0.7507309204556911,0.7507309204556911,0.5,1000,32,0
"[[ 1.18738017  0.74716824  0.31602294  0.12793483  0.29841578  0.2357374
   0.28148069  0.19145566  0.09631207  0.10296702  0.04374399  0.03725141
   0.01832165  0.09819564  0.09325809  0.19075043  0.20378306 -0.0546901
   0.03138677  0.2305837   0.0921165   0.10700165  0.13054982  0.17822026
   0.13467696  0.16955481  0.05340605  0.21473049  0.07749434  0.05282367
   0.04483667  0.14753162]]",[0.12576637],[8],0.6988727858293076,0.6988727858293075,0.5,1000,32,0
"[[ 1.11487393  0.49304313  0.40381433  0.21824971  0.25530828  0.23712595
   0.1351926   0.00159488  0.18795626  0.1315572   0.08471534  0.01241083
  -0.08871467  0.1135141   0.09325028 -0.09208754  0.03229603  0.13743509
   0.09844541  0.09207168  0.07799337  0.13691543 -0.01372301  0.00395195
  -0.05300376  0.07465242  0.11211496  0.04506019  0.21138114  0.06785643
   0.03457369  0.        ]]",[0.05547449],[7],0.7319711538461539,0.7319711538461539,0.5,1000,32,0
"[[ 1.12518843  0.54482058  0.53227784  0.28835299  0.17049618  0.13120909
   0.13999742  0.18550012  0.02778704  0.10733238  0.17123297  0.07322063
  -0.01908436 -0.07780641  0.1767909   0.1345265   0.11114918 -0.04023374
  -0.03586304  0.08228845  0.07488151  0.16994048 -0.08860208 -0.03875263
   0.          0.01945065  0.08216282  0.07653025 -0.11513263  0.05451457
  -0.16789702 -0.14455315]]",[-0.15242999],[7],0.689875950380152,0.689875950380152,0.5,1000,32,0
"[[ 1.29228009  0.35863181  0.26550817  0.1412582   0.18186057  0.17520563
   0.19489472  0.2088208   0.02937021  0.15343536  0.0743931   0.23875805
  -0.01336812  0.34131027  0.04812406 -0.00593045  0.05483812  0.03129248
   0.04658999  0.08192907 -0.07426375  0.22959916  0.11636488 -0.02707729
   0.15519538  0.03545268  0.03131488  0.17916107  0.08198679  0.02253134
  -0.02583356  0.        ]]",[0.03096396],[7],0.7249224922492249,0.7249224922492248,0.5,1000,32,0
"[[ 1.3675318   0.52380599  0.36769775  0.1926028   0.17815425  0.06333028
   0.1735457  -0.04422464  0.09142133  0.04272548 -0.08296398  0.0712387
   0.06539827 -0.1836468  -0.14972243  0.09588989 -0.02735369  0.05423521
   0.17131778  0.01304113  0.14678811  0.          0.00603149  0.02348279
   0.06096492  0.          0.02328962  0.06173241  0.06038581  0.06580219
   0.1028114   0.09640873]]",[-0.06104654],[8],0.7208020050125313,0.7208020050125314,0.5,1000,32,0
"[[ 1.07104179  0.60876565  0.41616373  0.26465144  0.22993799  0.20655665
   0.26231977  0.01573233 -0.02337736  0.21302182 -0.03284899 -0.01948738
   0.15172845 -0.01245479  0.03569933  0.00187199 -0.05540043 -0.09811493
   0.16953224  0.08686476  0.16987757  0.          0.          0.04384641
   0.10654795  0.         -0.04614922 -0.02651693  0.04379313  0.09245252
  -0.01614474  0.        ]]",[-0.06718842],[7],0.76,0.76,0.5,1000,32,0
"[[ 1.32444017  0.33753661  0.32513819  0.29427149  0.13230781  0.07697837
   0.24457841  0.04862272  0.08458125  0.07455057  0.18629991  0.23814888
   0.09785073  0.16312131  0.04439509  0.05246407  0.06778876  0.
   0.17401958  0.02553789  0.0772155  -0.0249299  -0.08235996 -0.06381057
  -0.02926381 -0.00722752  0.02934118  0.17534198 -0.03214467  0.0129802
   0.18997462  0.01215812]]",[-0.00974323],[7],0.7345864661654136,0.7345864661654136,0.5,1000,32,0
"[[ 1.16596024e+00  5.39412211e-01  2.42681244e-01  1.68189394e-01
   3.06681668e-01  1.44503131e-01  3.81825857e-03 -4.05794372e-02
   2.19043306e-01  2.40847731e-01 -9.52045426e-02 -2.83311327e-02
   6.15646452e-04 -1.63162278e-02  7.98457676e-02  2.39092393e-01
   5.71974913e-02 -7.70845880e-03  1.01409606e-01 -1.05913564e-02
   9.92148685e-02  1.59175477e-01  8.93840041e-02  1.21547851e-02
   9.31553953e-02  7.79943924e-03 -1.82320244e-01 -1.11165428e-01
  -7.52431538e-02 -2.78505454e-02  6.42260558e-03 -3.28384248e-02]]",[0.0056886],[7],0.6847184718471847,0.6847184718471847,0.5,1000,32,0
"[[ 1.2975732   0.46160055  0.31192746  0.31654261  0.04567441  0.0637013
   0.21847918  0.14055052  0.04263775  0.25423518  0.13753996  0.03531354
   0.14290435  0.06320176  0.10435512  0.12383663  0.00552979  0.01774108
  -0.02201084 -0.01419918  0.12882824  0.11146757 -0.03416374  0.07274555
   0.11399229  0.00438869 -0.08549885  0.          0.09004054  0.08427785
   0.00376562  0.00479374]]",[-0.03576732],[6],0.7288559703733359,0.7288559703733359,0.5,1000,32,0
"[[ 1.31984582  0.47192394  0.24610876  0.31211021  0.19146546  0.01037378
   0.14044607  0.30342271  0.10454035  0.02361002  0.0352097   0.09122677
   0.04777053  0.12181934  0.10422315 -0.02368536  0.20425228 -0.00877736
   0.14996596  0.         -0.00243468  0.07437783  0.15279538  0.09356871
   0.1210258   0.         -0.01772929  0.1044848   0.0580094  -0.05506988
  -0.11985109  0.16023793]]",[0.],[7],0.766258530710558,0.766258530710558,0.5,1000,32,0
"[[ 1.17743351  0.55056048  0.30978321  0.10916598  0.21716002  0.06922487
   0.27267142  0.14319375  0.15506218  0.11312784  0.15682127  0.13564459
  -0.02335271 -0.0240271   0.01858199 -0.03671169  0.08313222  0.05322134
   0.13993138  0.07710948  0.06567046  0.00722204  0.16910334  0.05120522
  -0.0050368   0.          0.19245194  0.03502831  0.15357943 -0.02252215
   0.11189899  0.15035665]]",[0.08763457],[7],0.7246224622462246,0.7246224622462246,0.5,1000,32,0
"[[ 0.96336644  0.5748033   0.26886828  0.24305085  0.2951406   0.16095145
   0.12254059  0.06216371  0.06735052  0.05904933  0.1099724   0.00323861
   0.00995466  0.07015435  0.06824075  0.18716346 -0.02769506 -0.04652552
   0.         -0.0437307   0.06474108 -0.03681358  0.         -0.01277553
   0.14169605 -0.02358782 -0.08041908  0.04658672  0.          0.10685934
   0.05391585 -0.10596462]]",[0.],[7],0.7488739865879291,0.7488739865879291,0.5,1000,32,0
"[[12.34152279  0.          0.          0.          0.          0.
   0.          0.          0.          0.          0.          0.
   0.          0.          0.          0.          0.          0.
   0.          0.          0.          0.          0.         -0.03431186
   0.         -0.19366298 -1.16262254 -2.20688868 -1.99901136 -1.40141304
  -2.01834135 -1.52778656]]",[0.],[16],1.0,1.0,0.5,1000,32,1
"[[12.37570843  0.          0.          0.          0.          0.
   0.          0.          0.          0.          0.          0.
   0.          0.          0.          0.          0.          0.
   0.          0.          0.          0.          0.         -0.1034527
   0.         -0.70355141 -0.77390939 -1.49478239 -2.1181808  -1.8040604
  -2.01067856 -1.57621627]]",[0.],[18],1.0,1.0,0.5,1000,32,1
"[[12.49068196  0.          0.          0.          0.          0.
   0.          0.          0.          0.          0.          0.
   0.          0.          0.          0.          0.          0.
   0.          0.          0.          0.          0.          0.
  -0.75201136 -0.2421413  -0.98851401 -1.24975673 -1.51987879 -1.5986581
  -2.33322855 -2.01164739]]",[0.],[17],1.0,1.0,0.5,1000,32,1
"[[12.02828257  0.          0.          0.          0.          0.
   0.          0.          0.          0.          0.          0.
   0.          0.          0.          0.          0.          0.
   0.          0.          0.          0.          0.          0.
   0.          0.          0.         -0.6913735  -1.5786991  -1.5081397
  -3.07779584 -3.57868299]]",[0.],[29],1.0,1.0,0.5,1000,32,1
"[[ 1.22948385e+01  0.00000000e+00  0.00000000e+00  0.00000000e+00
   0.00000000e+00  0.00000000e+00  0.00000000e+00  0.00000000e+00
   0.00000000e+00  0.00000000e+00  0.00000000e+00  0.00000000e+00
   0.00000000e+00  0.00000000e+00  0.00000000e+00  0.00000000e+00
   0.00000000e+00  0.00000000e+00  0.00000000e+00  0.00000000e+00
   0.00000000e+00  0.00000000e+00  0.00000000e+00  0.00000000e+00
   0.00000000e+00  0.00000000e+00  0.00000000e+00 -1.12611660e-02
  -8.22858843e-01 -1.77470589e+00 -3.62747437e+00 -4.74125143e+00]]",[0.13336429],[22],1.0,1.0,0.5,1000,32,1
"[[12.4153983   0.          0.          0.          0.          0.
   0.          0.          0.          0.          0.          0.
   0.          0.          0.          0.          0.          0.
   0.          0.          0.          0.          0.         -0.06471069
  -0.63186346 -0.42310697 -0.96759332 -1.84868418 -1.52373059 -1.11811851
  -1.94926107 -2.08189337]]",[0.],[16],1.0,1.0,0.5,1000,32,1
"[[12.27402453  0.          0.          0.          0.          0.
   0.          0.          0.          0.          0.          0.
   0.          0.          0.          0.          0.          0.
   0.          0.          0.          0.          0.          0.
   0.          0.          0.         -1.02965691 -1.16475946 -1.84938393
  -3.28493162 -3.39421818]]",[-0.02003352],[26],1.0,1.0,0.5,1000,32,1
"[[11.77969022  0.          0.          0.          0.          0.
   0.          0.          0.          0.          0.          0.
   0.          0.          0.          0.          0.          0.
   0.          0.          0.          0.          0.          0.
   0.         -0.18699568 -0.7686244  -2.37247353 -1.56822471 -1.24059553
  -2.40357671 -2.12885533]]",[-0.26820508],[17],1.0,1.0,0.5,1000,32,1
"[[11.90453719  0.          0.          0.          0.          0.
   0.          0.          0.          0.          0.          0.
   0.          0.          0.          0.          0.          0.
   0.          0.          0.          0.          0.          0.
  -0.48825607 -0.39158464 -1.11916013 -2.10174096 -0.76930578 -1.08558576
  -2.12708839 -2.12116378]]",[0.09351132],[19],1.0,1.0,0.5,1000,32,1
"[[12.74001514  0.          0.          0.          0.          0.
   0.          0.          0.          0.          0.          0.
   0.          0.          0.          0.          0.          0.
   0.          0.          0.          0.          0.          0.
  -0.80756014 -0.6325264  -1.19885391 -1.64886241 -2.04905148 -1.41568541
  -1.70560558 -1.60486974]]",[0.],[17],1.0,1.0,0.5,1000,32,1
"[[12.00219197  0.          0.          0.          0.          0.
   0.          0.          0.          0.          0.          0.
   0.          0.          0.          0.          0.          0.
   0.          0.          0.          0.          0.          0.
   0.          0.          0.         -0.72581547 -1.27337811 -1.51015939
  -3.21446695 -3.78241409]]",[0.],[20],1.0,1.0,0.5,1000,32,1
"[[12.02935259  0.          0.          0.          0.          0.
   0.          0.          0.          0.          0.          0.
   0.          0.          0.          0.          0.          0.
   0.          0.          0.          0.          0.          0.
   0.          0.         -0.92709947 -2.3063081  -1.50555339 -1.15127617
  -2.51409289 -2.17061567]]",[-0.12647939],[20],1.0,1.0,0.5,1000,32,1
"[[12.55336473  0.          0.          0.          0.          0.
   0.          0.          0.          0.          0.          0.
   0.          0.          0.          0.          0.          0.
   0.          0.          0.          0.          0.         -0.19077121
  -1.15626963 -0.55401809 -1.0110323  -1.67640318 -1.06199183 -1.40849504
  -2.00095204 -1.76174249]]",[0.],[16],1.0,1.0,0.5,1000,32,1
"[[12.11942316  0.          0.          0.          0.          0.
   0.          0.          0.          0.          0.          0.
   0.          0.          0.          0.          0.          0.
   0.          0.          0.          0.          0.          0.
   0.          0.          0.         -0.51331844 -0.89311178 -1.88588207
  -3.22834011 -4.08052108]]",[0.],[20],1.0,1.0,0.5,1000,32,1
"[[11.92262197  0.          0.          0.          0.          0.
   0.          0.          0.          0.          0.          0.
   0.          0.          0.          0.          0.          0.
   0.          0.          0.          0.          0.          0.
   0.          0.          0.         -0.89803987 -1.17460449 -1.63295239
  -2.70725773 -3.78434542]]",[0.],[20],1.0,1.0,0.5,1000,32,1
"[[12.31023028  0.          0.          0.          0.          0.
   0.          0.          0.          0.          0.          0.
   0.          0.          0.          0.          0.          0.
   0.          0.          0.          0.          0.          0.
  -0.49080384 -0.41028046 -1.57550662 -2.16360309 -1.17255858 -1.26329877
  -2.07959332 -1.43831538]]",[0.],[27],1.0,1.0,0.5,1000,32,1
"[[11.77350663  0.          0.          0.          0.          0.
   0.          0.          0.          0.          0.          0.
   0.          0.          0.          0.          0.          0.
   0.          0.          0.          0.          0.          0.
   0.          0.         -0.62284112 -1.58926616 -1.43865116 -1.8833624
  -2.53151857 -2.48311479]]",[0.],[18],1.0,1.0,0.5,1000,32,1
"[[11.84888574  0.          0.          0.          0.          0.
   0.          0.          0.          0.          0.          0.
   0.          0.          0.          0.          0.          0.
   0.          0.          0.          0.          0.          0.
   0.          0.          0.         -0.95016167 -0.84492159 -1.55855957
  -3.26698306 -3.76441784]]",[0.21958014],[21],1.0,1.0,0.5,1000,32,1
"[[11.98449416  0.          0.          0.          0.          0.
   0.          0.          0.          0.          0.          0.
   0.          0.          0.          0.          0.          0.
   0.          0.          0.          0.          0.          0.
   0.          0.         -0.89493035 -1.69367993 -1.46610846 -1.67262839
  -2.717403   -2.27469722]]",[0.],[23],1.0,1.0,0.5,1000,32,1
"[[12.63633362  0.          0.          0.          0.          0.
   0.          0.          0.          0.          0.          0.
   0.          0.          0.          0.          0.          0.
   0.          0.          0.          0.          0.         -0.1418522
  -1.16499389 -0.35536615 -1.36836809 -2.08074936 -1.14818957 -0.8222564
  -2.10920824 -1.72528252]]",[0.],[17],1.0,1.0,0.5,1000,32,1
"[[12.08030528  0.          0.          0.          0.          0.
   0.          0.          0.          0.          0.          0.
   0.          0.          0.          0.          0.          0.
   0.          0.          0.          0.          0.          0.
   0.         -0.26332465 -0.73631978 -1.48977643 -1.11418681 -1.54565338
  -2.79631207 -2.63916821]]",[0.],[20],1.0,1.0,0.5,1000,32,1
"[[12.60690681  0.          0.          0.          0.          0.
   0.          0.          0.          0.          0.          0.
   0.          0.          0.          0.          0.          0.
   0.          0.          0.          0.          0.          0.
  -0.62238531 -0.20558841 -1.55573538 -1.17807133 -1.44407897 -1.54603198
  -2.40880005 -2.11486861]]",[0.],[23],1.0,1.0,0.5,1000,32,1
"[[11.92126797  0.          0.          0.          0.          0.
   0.          0.          0.          0.          0.          0.
   0.          0.          0.          0.          0.          0.
   0.          0.          0.          0.          0.          0.
  -0.43058817 -0.69762745 -1.13523329 -1.28132795 -1.17038951 -1.38886253
  -2.2332755  -1.90529854]]",[0.],[18],1.0,1.0,0.5,1000,32,1
"[[11.84203667  0.          0.          0.          0.          0.
   0.          0.          0.          0.          0.          0.
   0.          0.          0.          0.          0.          0.
   0.          0.          0.          0.          0.          0.
   0.          0.          0.         -1.56816436 -0.89767792 -2.0486442
  -2.68970962 -3.3494826 ]]",[-0.32988366],[18],1.0,1.0,0.5,1000,32,1
"[[12.15555406  0.          0.          0.          0.          0.
   0.          0.          0.          0.          0.          0.
   0.          0.          0.          0.          0.          0.
   0.          0.          0.          0.          0.          0.
   0.          0.         -1.232639   -1.93721887 -1.79035631 -1.08157058
  -2.18712461 -2.5632486 ]]",[0.],[19],1.0,1.0,0.5,1000,32,1
"[[12.15675674  0.          0.          0.          0.          0.
   0.          0.          0.          0.          0.          0.
   0.          0.          0.          0.          0.          0.
   0.          0.          0.          0.          0.          0.
   0.          0.          0.         -0.59285119 -1.18727705 -1.77440978
  -3.38803345 -3.46669727]]",[0.],[25],1.0,1.0,0.5,1000,32,1
"[[11.90286829  0.          0.          0.          0.          0.
   0.          0.          0.          0.          0.          0.
   0.          0.          0.          0.          0.          0.
   0.          0.          0.          0.          0.          0.
   0.          0.          0.         -0.524116   -0.70833644 -1.65236025
  -3.0447759  -4.42222252]]",[0.],[23],1.0,1.0,0.5,1000,32,1
"[[11.97758701  0.          0.          0.          0.          0.
   0.          0.          0.          0.          0.          0.
   0.          0.          0.          0.          0.          0.
   0.          0.          0.          0.          0.          0.
   0.          0.         -0.66240425 -1.80716146 -1.57286163 -1.28850087
  -2.24304669 -3.09735763]]",[0.06521817],[19],1.0,1.0,0.5,1000,32,1
"[[12.31501121  0.          0.          0.          0.          0.
   0.          0.          0.          0.          0.          0.
   0.          0.          0.          0.          0.          0.
   0.          0.          0.          0.          0.         -0.04506102
  -0.84033544 -0.42845652 -1.18708743 -1.16465201 -1.99478602 -1.62644786
  -1.7945226  -1.46402001]]",[0.02212209],[18],1.0,1.0,0.5,1000,32,1
"[[11.97931462  0.          0.          0.          0.          0.
   0.          0.          0.          0.          0.          0.
   0.          0.          0.          0.          0.          0.
   0.          0.          0.          0.          0.          0.
   0.          0.         -0.23986903 -2.02831813 -1.6559401  -1.75575515
  -2.57422282 -2.49053533]]",[0.],[18],1.0,1.0,0.5,1000,32,1
"[[11.91242612  0.          0.          0.          0.          0.
   0.          0.          0.          0.          0.          0.
   0.          0.          0.          0.          0.          0.
   0.          0.          0.          0.          0.          0.
   0.          0.         -0.13526906 -1.95139336 -1.49653543 -2.12657423
  -2.49859491 -2.41505913]]",[-0.18882603],[20],1.0,1.0,0.5,1000,32,1
"[[12.13891647  0.          0.          0.          0.          0.
   0.          0.          0.          0.          0.          0.
   0.          0.          0.          0.          0.          0.
   0.          0.          0.          0.          0.          0.
   0.          0.          0.         -1.00019584 -1.02456181 -1.72934136
  -3.55743812 -3.21622183]]",[0.],[19],1.0,1.0,0.5,1000,32,1
"[[12.31021849  0.          0.          0.          0.          0.
   0.          0.          0.          0.          0.          0.
   0.          0.          0.          0.          0.          0.
   0.          0.          0.          0.          0.          0.
   0.          0.         -0.68161408 -1.44537188 -1.6764877  -1.24712561
  -2.81961514 -2.9710611 ]]",[0.],[20],1.0,1.0,0.5,1000,32,1
"[[12.49887232  0.          0.          0.          0.          0.
   0.          0.          0.          0.          0.          0.
   0.          0.          0.          0.          0.          0.
   0.          0.          0.          0.          0.          0.
   0.          0.          0.         -1.48755535 -1.90857545 -1.93204406
  -3.02391167 -2.861123  ]]",[0.],[25],1.0,1.0,0.5,1000,32,1
"[[12.16487851  0.          0.          0.          0.          0.
   0.          0.          0.          0.          0.          0.
   0.          0.          0.          0.          0.          0.
   0.          0.          0.          0.          0.          0.
   0.          0.          0.         -0.40490583 -1.17636973 -1.93974964
  -3.42617029 -3.64497451]]",[0.],[36],1.0,1.0,0.5,1000,32,1
"[[11.94955782  0.          0.          0.          0.          0.
   0.          0.          0.          0.          0.          0.
   0.          0.          0.          0.          0.          0.
   0.          0.          0.          0.          0.          0.
   0.          0.          0.         -0.91533879 -1.22935045 -1.49334962
  -3.21142849 -3.59405678]]",[-0.06288194],[30],1.0,1.0,0.5,1000,32,1
"[[11.81786666  0.          0.          0.          0.          0.
   0.          0.          0.          0.          0.          0.
   0.          0.          0.          0.          0.          0.
   0.          0.          0.          0.          0.          0.
   0.          0.         -1.04453601 -1.96199454 -1.45965334 -1.32717604
  -2.10624106 -2.53200538]]",[0.],[19],1.0,1.0,0.5,1000,32,1
"[[11.65893201  0.          0.          0.          0.          0.
   0.          0.          0.          0.          0.          0.
   0.          0.          0.          0.          0.          0.
   0.          0.          0.          0.          0.          0.
   0.         -0.31590457 -0.69995942 -1.089547   -1.11859607 -1.80338371
  -2.12778584 -2.93789315]]",[0.],[18],1.0,1.0,0.5,1000,32,1
"[[11.8139265   0.          0.          0.          0.          0.
   0.          0.          0.          0.          0.          0.
   0.          0.          0.          0.          0.          0.
   0.          0.          0.          0.          0.          0.
   0.          0.         -1.19891036 -2.35533506 -1.43534887 -0.99264165
  -2.0515447  -2.52806665]]",[-0.02814893],[17],1.0,1.0,0.5,1000,32,1
"[[12.13891571  0.          0.          0.          0.          0.
   0.          0.          0.          0.          0.          0.
   0.          0.          0.          0.          0.          0.
   0.          0.          0.          0.          0.          0.
   0.          0.         -1.57659462 -2.14920399 -1.64744193 -1.34584894
  -1.96819491 -2.08359929]]",[0.],[17],1.0,1.0,0.5,1000,32,1
"[[12.39248826  0.          0.          0.          0.          0.
   0.          0.          0.          0.          0.          0.
   0.          0.          0.          0.          0.          0.
   0.          0.          0.          0.          0.          0.
  -0.58663733 -0.07567188 -1.0956206  -1.69872481 -1.63803958 -1.77483485
  -1.67916313 -2.01841674]]",[0.],[17],1.0,1.0,0.5,1000,32,1
"[[11.94128243  0.          0.          0.          0.          0.
   0.          0.          0.          0.          0.          0.
   0.          0.          0.          0.          0.          0.
   0.          0.          0.          0.          0.          0.
   0.          0.         -0.88096855 -1.90097331 -1.26657143 -1.56609896
  -2.94686258 -2.19374929]]",[0.],[19],1.0,1.0,0.5,1000,32,1
"[[11.86474677  0.          0.          0.          0.          0.
   0.          0.          0.          0.          0.          0.
   0.          0.          0.          0.          0.          0.
   0.          0.          0.          0.          0.          0.
   0.          0.         -0.65047217 -1.40186262 -1.18354052 -1.77638065
  -2.52227695 -2.75418044]]",[0.],[31],1.0,1.0,0.5,1000,32,1
"[[11.89709223  0.          0.          0.          0.          0.
   0.          0.          0.          0.          0.          0.
   0.          0.          0.          0.          0.          0.
   0.          0.          0.          0.          0.          0.
   0.          0.         -0.23057245 -1.31785936 -1.5561863  -2.26183854
  -2.14267213 -3.07917203]]",[0.],[19],1.0,1.0,0.5,1000,32,1
"[[11.82108451  0.          0.          0.          0.          0.
   0.          0.          0.          0.          0.          0.
   0.          0.          0.          0.          0.          0.
   0.          0.          0.          0.          0.          0.
   0.         -0.08377082 -1.25564399 -1.21754017 -1.1695093  -1.23904192
  -2.40612565 -2.82742595]]",[0.],[18],1.0,1.0,0.5,1000,32,1
"[[11.62860976  0.          0.          0.          0.          0.
   0.          0.          0.          0.          0.          0.
   0.          0.          0.          0.          0.          0.
   0.          0.          0.          0.          0.          0.
   0.          0.         -0.55783962 -2.31588569 -2.01783886 -1.4829218
  -1.78037838 -2.138709  ]]",[0.],[18],1.0,1.0,0.5,1000,32,1
"[[11.96058525  0.          0.          0.          0.          0.
   0.          0.          0.          0.          0.          0.
   0.          0.          0.          0.          0.          0.
   0.          0.          0.          0.          0.          0.
  -0.27287563  0.         -1.04818733 -1.70658921 -1.16794377 -1.34398614
  -2.94520335 -1.89105549]]",[0.],[26],1.0,1.0,0.5,1000,32,1
"[[12.0635994   0.          0.          0.          0.          0.
   0.          0.          0.          0.          0.          0.
   0.          0.          0.          0.          0.          0.
   0.          0.          0.          0.          0.          0.
   0.          0.          0.          0.          0.         -1.84105762
  -3.9342776  -5.01790801]]",[0.],[21],1.0,1.0,0.5,1000,32,1
"[[11.91157912  0.          0.          0.          0.          0.
   0.          0.          0.          0.          0.          0.
   0.          0.          0.          0.          0.          0.
   0.          0.          0.          0.          0.          0.
   0.          0.          0.         -0.98763788 -1.13994972 -1.76027767
  -3.06183567 -3.48055487]]",[0.],[27],1.0,1.0,0.5,1000,32,1
"[[11.74276563  0.          0.          0.          0.          0.
   0.          0.          0.          0.          0.          0.
   0.          0.          0.          0.          0.          0.
   0.          0.          0.          0.          0.          0.
  -0.91986623 -0.44608051 -1.45661307 -1.79640034 -0.95745417 -0.75229518
  -1.67716728 -1.95051087]]",[0.],[15],1.0,1.0,0.5,1000,32,1
